,spam,message,click,offer,winner,buy,Free,cash,urgent,allcaps
15,spam,"XXXMobileMovieClub: To use your credit, click the WAP link in the next txt message or click here>> http://wap. xxxmobilemovieclub.com?n=QJKGIGHJJGCBL",True,False,False,False,False,False,False,False
19,spam,"England v Macedonia - dont miss the goals/team news. Txt ur national team to 87077 eg ENGLAND to 87077 Try:WALES, SCOTLAND 4txt/ú1.20 POBOXox36504W45WQ 16+",False,False,False,False,False,False,False,False
34,spam,Thanks for your subscription to Ringtone UK your mobile will be charged £5/month Please confirm by replying YES or NO. If you reply NO you will not be charged,False,False,False,False,False,False,False,False
53,ham,"Wow. I never realized that you were so embarassed by your accomodations. I thought you liked it, since i was doing the best i could and you always seemed so happy about ""the cave"". I'm sorry I didn't and don't have more to give. I'm sorry i offered. I'm sorry your room was so embarassing.",False,True,False,False,False,False,False,False
54,spam,SMS. ac Sptv: The New Jersey Devils and the Detroit Red Wings play Ice Hockey. Correct or Incorrect? End? Reply END SPTV,False,False,False,False,False,False,False,False
65,spam,"As a valued customer, I am pleased to advise you that following recent review of your Mob No. you are awarded with a £1500 Bonus Prize, call 09066364589",False,False,False,False,False,False,False,False
68,spam,"Did you hear about the new ""Divorce Barbie""? It comes with all of Ken's stuff!",False,False,False,False,False,False,False,False
75,ham,I am waiting machan. Call me once you free.,False,False,False,False,True,False,False,False
87,ham,Yes I started to send requests to make it but pain came back so I'm back in bed. Double coins at the factory too. I gotta cash in all my nitros.,False,False,False,False,False,True,False,False
89,ham,"Ela kano.,il download, come wen ur free..",False,False,False,False,True,False,False,False
107,ham,"Aight, I'll hit you up when I get some cash",False,False,False,False,False,True,False,False
114,spam,GENT! We are trying to contact you. Last weekends draw shows that you won a £1000 prize GUARANTEED. Call 09064012160. Claim Code K52. Valid 12hrs only. 150ppm,False,False,False,False,False,False,False,False
120,spam,PRIVATE! Your 2004 Account Statement for 07742676969 shows 786 unredeemed Bonus Points. To claim call 08719180248 Identifier Code: 45239 Expires,False,False,False,False,False,False,False,False
123,spam,Todays Voda numbers ending 7548 are selected to receive a $350 award. If you have a match please call 08712300220 quoting claim code 4041 standard rates app,False,False,False,False,False,False,False,False
134,spam,Sunshine Quiz Wkly Q! Win a top Sony DVD player if u know which country the Algarve is in? Txt ansr to 82277. £1.50 SP:Tyrone,False,False,False,False,False,False,False,False
135,spam,Want 2 get laid tonight? Want real Dogging locations sent direct 2 ur mob? Join the UK's largest Dogging Network bt Txting GRAVEL to 69888! Nt. ec2a. 31p.msg@150p,False,False,False,False,False,False,False,False
159,spam,Customer service annoncement. You have a New Years delivery waiting for you. Please call 07046744435 now to arrange delivery,False,False,False,False,False,False,False,False
164,spam,-PLS STOP bootydelious (32/F) is inviting you to be her friend. Reply YES-434 or NO-434 See her: www.SMS.ac/u/bootydelious STOP? Send STOP FRND to 62468,False,False,False,False,False,False,False,False
165,spam,"BangBabes Ur order is on the way. U SHOULD receive a Service Msg 2 download UR content. If U do not, GoTo wap. bangb. tv on UR mobile internet/service menu",False,False,False,False,False,False,False,False
172,ham,"Hmmm.. Thk sure got time to hop ard... Ya, can go 4 free abt... Muz call u to discuss liao... ",False,False,False,False,True,False,False,False
178,ham,"Turns out my friends are staying for the whole show and won't be back til ~ &lt;#&gt; , so feel free to go ahead and smoke that $ &lt;#&gt;  worth",False,False,False,False,True,False,False,False
180,ham,Hi! You just spoke to MANEESHA V. We'd like to know if you were satisfied with the experience. Reply Toll Free with Yes or No.,False,False,False,False,True,False,False,False
181,ham,You lifted my hopes with the offer of money. I am in need. Especially when the end of the month approaches and it hurts my studying. Anyways have a gr8 weekend,False,True,False,False,False,False,False,False
191,spam,Are you unique enough? Find out from 30th August. www.areyouunique.co.uk,False,False,False,False,False,False,False,False
225,spam,"500 New Mobiles from 2004, MUST GO! Txt: NOKIA to No: 89545 & collect yours today!From ONLY £1 www.4-tc.biz 2optout 087187262701.50gbp/mtmsg18",False,False,False,False,False,False,False,False
235,spam,Text & meet someone sexy today. U can find a date or even flirt its up to U. Join 4 just 10p. REPLY with NAME & AGE eg Sam 25. 18 -msg recd@thirtyeight pence,False,False,False,False,False,False,False,False
240,spam,U 447801259231 have a secret admirer who is looking 2 make contact with U-find out who they R*reveal who thinks UR so special-call on 09058094597,False,False,False,False,False,False,False,False
264,spam,Hey I am really horny want to chat or see me naked text hot to 69698 text charged at 150pm to unsubscribe text stop 69698,False,False,False,False,False,False,False,False
273,spam,HMV BONUS SPECIAL 500 pounds of genuine HMV vouchers to be won. Just answer 4 easy questions. Play Now! Send HMV to 86688 More info:www.100percent-real.com,False,False,False,False,False,False,False,False
305,spam,"SMS. ac Blind Date 4U!: Rodds1 is 21/m from Aberdeen, United Kingdom. Check Him out http://img. sms. ac/W/icmb3cktz8r7!-4 no Blind Dates send HIDE",False,False,False,False,False,False,False,False
309,spam,"TheMob> Check out our newest selection of content, Games, Tones, Gossip, babes and sport, Keep your mobile fit and funky text WAP to 82468",False,False,False,False,False,False,False,False
333,spam,Call Germany for only 1 pence per minute! Call from a fixed line via access number 0844 861 85 85. No prepayment. Direct access!,False,False,False,False,False,False,False,False
335,spam,Valentines Day Special! Win over £1000 in our quiz and take your partner on the trip of a lifetime! Send GO to 83600 now. 150p/msg rcvd. CustCare:08718720201.,False,False,False,False,False,False,False,False
349,spam,Fancy a shag? I do.Interested? sextextuk.com txt XXUK SUZY to 69876. Txts cost 1.50 per msg. TnCs on website. X,False,False,False,False,False,False,False,False
368,spam,Here is your discount code RP176781. To stop further messages reply stop. www.regalportfolio.co.uk. Customer Services 08717205546,False,False,False,False,False,False,False,False
375,spam,"Thanks for your Ringtone Order, Reference T91. You will be charged GBP 4 per week. You can unsubscribe at anytime by calling customer services on 09057039994",False,False,False,False,False,False,False,False
399,ham,"Good evening Sir, Al Salam Wahleykkum.sharing a happy news.By the grace of God, i got an offer from Tayseer,TISSCO and i joined.Hope you are fine.Inshah Allah,meet you sometime.Rakhesh,visitor from India.",False,True,False,False,False,False,False,False
415,spam,100 dating service cal;l 09064012103 box334sk38ch,False,False,False,False,False,False,False,False
420,spam,Send a logo 2 ur lover - 2 names joined by a heart. Txt LOVE NAME1 NAME2 MOBNO eg LOVE ADAM EVE 07123456789 to 87077 Yahoo! POBox36504W45WQ TxtNO 4 no ads 150p,False,False,False,False,False,False,False,False
422,spam,Someone has contacted our dating service and entered your phone because they fancy you! To find out who it is call from a landline 09111032124 . PoBox12n146tf150p,False,False,False,False,False,False,False,False
430,ham,I wnt to buy a BMW car urgently..its vry urgent.but hv a shortage of  &lt;#&gt; Lacs.there is no source to arng dis amt. &lt;#&gt; lacs..thats my prob,False,False,False,True,False,False,True,False
433,spam,Congrats! Nokia 3650 video camera phone is your Call 09066382422 Calls cost 150ppm Ave call 3mins vary from mobiles 16+ Close 300603 post BCM4284 Ldn WC1N3XX,False,False,False,False,False,False,False,False
474,spam,Want 2 get laid tonight? Want real Dogging locations sent direct 2 ur Mob? Join the UK's largest Dogging Network by txting MOAN to 69888Nyt. ec2a. 31p.msg@150p,False,False,False,False,False,False,False,False
495,ham,Are you free now?can i call now?,False,False,False,False,True,False,False,False
505,spam,+123 Congratulations - in this week's competition draw u have won the £1450 prize to claim just call 09050002311 b4280703. T&Cs/stop SMS 08718727868. Over 18 only 150ppm,False,False,False,False,False,False,False,False
515,spam,"You are guaranteed the latest Nokia Phone, a 40GB iPod MP3 player or a £500 prize! Txt word: COLLECT to No: 83355! IBHltd LdnW15H 150p/Mtmsgrcvd18+",False,False,False,False,False,False,False,False
517,spam,Boltblue tones for 150p Reply POLY# or MONO# eg POLY3 1. Cha Cha Slide 2. Yeah 3. Slow Jamz 6. Toxic 8. Come With Me or STOP 4 more tones txt MORE,False,False,False,False,False,False,False,False
518,spam,Your credits have been topped up for http://www.bubbletext.com Your renewal Pin is tgxxrz,False,False,False,False,False,False,False,False
519,ham,"That way transport is less problematic than on sat night. By the way, if u want to ask  n  to join my bday, feel free. But need to know definite nos as booking on fri. ",False,False,False,False,True,False,False,False
529,spam,You will recieve your tone within the next 24hrs. For Terms and conditions please see Channel U Teletext Pg 750,False,False,False,False,False,False,False,False
531,spam,PRIVATE! Your 2003 Account Statement for 07815296484 shows 800 un-redeemed S.I.M. points. Call 08718738001 Identifier Code 41782 Expires 18/11/04 ,False,False,False,False,False,False,False,False
541,spam,from www.Applausestore.com MonthlySubscription@50p/msg max6/month T&CsC web age16 2stop txt stop,False,False,False,False,False,False,False,False
564,spam,GENT! We are trying to contact you. Last weekends draw shows that you won a £1000 prize GUARANTEED. Call 09064012160. Claim Code K52. Valid 12hrs only. 150ppm ,False,False,False,False,False,False,False,False
566,ham,"Ill call u 2mrw at ninish, with my address that icky American freek wont stop callin me 2 bad Jen k eh?",False,False,False,False,True,False,False,False
579,spam,"our mobile number has won £5000, to claim calls us back or ring the claims hot line on 09050005321.",False,False,False,False,False,False,False,False
591,spam,"For ur chance to win a £250 wkly shopping spree TXT: SHOP to 80878. T's&C's www.txt-2-shop.com custcare 08715705022, 1x150p/wk",False,False,False,False,False,False,False,False
592,spam,You have been specially selected to receive a 2000 pound award! Call 08712402050 BEFORE the lines close. Cost 10ppm. 16+. T&Cs apply. AG Promo,False,False,False,False,False,False,False,False
593,spam,PRIVATE! Your 2003 Account Statement for 07753741225 shows 800 un-redeemed S. I. M. points. Call 08715203677 Identifier Code: 42478 Expires 24/10/04,False,False,False,False,False,False,False,False
603,ham,Speaking of does he have any cash yet?,False,False,False,False,False,True,False,False
611,spam,22 days to kick off! For Euro2004 U will be kept up to date with the latest news and results daily. To be removed send GET TXT STOP to 83222,False,False,False,False,False,False,False,False
625,ham,"Nah it's straight, if you can just bring bud or drinks or something that's actually a little more useful than straight cash",False,False,False,False,False,True,False,False
630,spam,Todays Vodafone numbers ending with 4882 are selected to a receive a £350 award. If your number matches call 09064019014 to receive your £350 award.,False,False,False,False,False,False,False,False
648,spam,PRIVATE! Your 2003 Account Statement for shows 800 un-redeemed S. I. M. points. Call 08715203694 Identifier Code: 40533 Expires 31/10/04,False,False,False,False,False,False,False,False
659,ham,"It doesnt make sense to take it there unless its free. If you need to know more, wikipedia.com",False,False,False,False,True,False,False,False
660,spam,88800 and 89034 are premium phone services call 08718711108,False,False,False,False,False,False,False,False
672,spam,"SMS. ac sun0819 posts HELLO:""You seem cool, wanted to say hi. HI!!!"" Stop? Send STOP to 62468",False,False,False,False,False,False,False,False
684,spam,Hi I'm sue. I am 20 years old and work as a lapdancer. I love sex. Text me live - I'm i my bedroom now. text SUE to 89555. By TextOperator G2 1DA 150ppmsg 18+,False,False,False,False,False,False,False,False
709,spam,"To review and KEEP the fantastic Nokia N-Gage game deck with Club Nokia, go 2 www.cnupdates.com/newsletter. unsubscribe from alerts reply with the word OUT",False,False,False,False,False,False,False,False
713,spam,08714712388 between 10am-7pm Cost 10p,False,False,False,False,False,False,False,False
731,spam,Email AlertFrom: Jeri StewartSize: 2KBSubject: Low-cost prescripiton drvgsTo listen to email call 123,False,False,False,False,False,False,False,False
744,ham,Ok. There may be a free gym about.,False,False,False,False,True,False,False,False
748,spam,U are subscribed to the best Mobile Content Service in the UK for £3 per 10 days until you send STOP to 82324. Helpline 08706091795,False,False,False,False,False,False,False,False
751,spam,"Do you realize that in about 40 years, we'll have thousands of old ladies running around with tattoos?",False,False,False,False,False,False,False,False
752,spam,You have an important customer service announcement from PREMIER.,False,False,False,False,False,False,False,False
761,spam,"Romantic Paris. 2 nights, 2 flights from £79 Book now 4 next year. Call 08704439680Ts&Cs apply.",False,False,False,False,False,False,False,False
766,spam,UR awarded a City Break and could WIN a £200 Summer Shopping spree every WK. Txt STORE to 88039 . SkilGme. TsCs087147403231Winawk!Age16 £1.50perWKsub,False,False,False,False,False,False,False,False
788,spam,Ever thought about living a good life with a perfect partner? Just txt back NAME and AGE to join the mobile community. (100p/SMS),False,False,False,False,False,False,False,False
815,spam,"U were outbid by simonwatson5120 on the Shinco DVD Plyr. 2 bid again, visit sms. ac/smsrewards 2 end bid notifications, reply END OUT",False,False,False,False,False,False,False,False
823,spam,"SMSSERVICES. for yourinclusive text credits, pls goto www.comuk.net login= 3qxj9 unsubscribe with STOP, no extra charge. help 08702840625.COMUK. 220-CM2 9AE",False,False,False,False,False,False,False,False
824,spam,25p 4 alfie Moon's Children in need song on ur mob. Tell ur m8s. Txt Tone charity to 8007 for Nokias or Poly charity for polys: zed 08701417012 profit 2 charity.,False,False,False,False,False,False,False,False
831,spam,U have a secret admirer. REVEAL who thinks U R So special. Call 09065174042. To opt out Reply REVEAL STOP. 1.50 per msg recd. Cust care 07821230901,False,False,False,False,False,False,False,False
835,ham,Surely result will offer:),False,True,False,False,False,False,False,False
837,spam,Do you want 750 anytime any network mins 150 text and a NEW VIDEO phone for only five pounds per week call 08002888812 or reply for delivery tomorrow,False,False,False,False,False,False,False,False
856,spam,Talk sexy!! Make new friends or fall in love in the worlds most discreet text dating service. Just text VIP to 83110 and see who you could meet.,False,False,False,False,False,False,False,False
866,spam,Congratulations ur awarded either a yrs supply of CDs from Virgin Records or a Mystery Gift GUARANTEED Call 09061104283 Ts&Cs www.smsco.net £1.50pm approx 3mins,False,False,False,False,False,False,False,False
868,spam,PRIVATE! Your 2003 Account Statement for 07808 XXXXXX shows 800 un-redeemed S. I. M. points. Call 08719899217 Identifier Code: 41685 Expires 07/11/04,False,False,False,False,False,False,False,False
869,spam,Hello. We need some posh birds and chaps to user trial prods for champneys. Can i put you down? I need your address and dob asap. Ta r,False,False,False,False,False,False,False,False
878,spam,Sunshine Quiz Wkly Q! Win a top Sony DVD player if u know which country Liverpool played in mid week? Txt ansr to 82277. £1.50 SP:Tyrone,False,False,False,False,False,False,False,False
879,spam,U have a secret admirer who is looking 2 make contact with U-find out who they R*reveal who thinks UR so special-call on 09058094565,False,False,False,False,False,False,False,False
880,spam,U have a Secret Admirer who is looking 2 make contact with U-find out who they R*reveal who thinks UR so special-call on 09065171142-stopsms-08,False,False,False,False,False,False,False,False
881,spam,Reminder: You have not downloaded the content you have already paid for. Goto http://doit. mymoby. tv/ to collect your content.,False,False,False,False,False,False,False,False
907,spam,"all the lastest from Stereophonics, Marley, Dizzee Racal, Libertines and The Strokes! Win Nookii games with Flirt!! Click TheMob WAP Bookmark or text WAP to 82468",True,False,False,False,False,False,False,False
910,spam,"January Male Sale! Hot Gay chat now cheaper, call 08709222922. National rate from 1.5p/min cheap to 7.8p/min peak! To stop texts call 08712460324 (10p/min)",False,False,False,False,False,False,False,False
943,spam,How about getting in touch with folks waiting for company? Just txt back your NAME and AGE to opt in! Enjoy the community (150p/SMS),False,False,False,False,False,False,False,False
948,ham,Hey i booked the kb on sat already... what other lessons are we going for ah? Keep your sat night free we need to meet and confirm our lodging ,False,False,False,False,True,False,False,False
955,spam,Filthy stories and GIRLS waiting for your,False,False,False,False,False,False,False,False
983,spam,"Congrats! 2 mobile 3G Videophones R yours. call 09063458130 now! videochat wid your mates, play java games, Dload polyPH music, noline rentl.",False,False,False,False,False,False,False,False
1022,spam,Guess what! Somebody you know secretly fancies you! Wanna find out who it is? Give us a call on 09065394514 From Landline DATEBox1282EssexCM61XN 150p/min 18,False,False,False,False,False,False,False,False
1045,spam,"We know someone who you know that fancies you. Call 09058097218 to find out who. POBox 6, LS15HB 150p",False,False,False,False,False,False,False,False
1048,spam,"1000's flirting NOW! Txt GIRL or BLOKE & ur NAME & AGE, eg GIRL ZOE 18 to 8007 to join and get chatting!",False,False,False,False,False,False,False,False
1050,spam,18 days to Euro2004 kickoff! U will be kept informed of all the latest news and results daily. Unsubscribe send GET EURO STOP to 83222.,False,False,False,False,False,False,False,False
1062,ham,I might come to kerala for 2 days.so you can be prepared to take a leave once i finalise .dont plan any travel during my visit.need to finish urgent works.,False,False,False,False,False,False,True,False
1064,spam,We have new local dates in your area - Lots of new people registered in YOUR AREA. Reply DATE to start now! 18 only www.flirtparty.us REPLYS150,False,False,False,False,False,False,False,False
1067,ham,Once free call me sir. I am waiting for you.,False,False,False,False,True,False,False,False
1069,spam,Someone U know has asked our dating service 2 contact you! Cant Guess who? CALL 09058091854 NOW all will be revealed. PO BOX385 M6 6WU,False,False,False,False,False,False,False,False
1073,spam,Dear U've been invited to XCHAT. This is our final attempt to contact u! Txt CHAT to 86688,False,False,False,False,False,False,False,False
1089,spam,You are awarded a SiPix Digital Camera! call 09061221061 from landline. Delivery within 28days. T Cs Box177. M221BP. 2yr warranty. 150ppm. 16 . p p£3.99,False,False,False,False,False,False,False,False
1094,ham,"Well the weather in cali's great. But its complexities are great. You need a car to move freely, its taxes are outrageous. But all in all its a great place. The sad part is i missing home.",False,False,False,False,True,False,False,False
1097,spam,Dear Subscriber ur draw 4 £100 gift voucher will b entered on receipt of a correct ans. When was Elvis Presleys Birthday? TXT answer to 80062,False,False,False,False,False,False,False,False
1118,spam,"449050000301 You have won a £2,000 price! To claim, call 09050000301.",False,False,False,False,False,False,False,False
1120,spam,"Bored of speed dating? Try SPEEDCHAT, txt SPEEDCHAT to 80155, if you don't like em txt SWAP and get a new chatter! Chat80155 POBox36504W45WQ 150p/msg rcd 16",False,False,False,False,False,False,False,False
1122,spam,Do you want 750 anytime any network mins 150 text and a NEW video phone for only five pounds per week call 08000776320 now or reply for delivery Tomorrow,False,False,False,False,False,False,False,False
1126,spam,For taking part in our mobile survey yesterday! You can now have 500 texts 2 use however you wish. 2 get txts just send TXT to 80160 T&C www.txt43.com 1.50p,False,False,False,False,False,False,False,False
1142,spam,I don't know u and u don't know me. Send CHAT to 86688 now and let's find each other! Only 150p/Msg rcvd. HG/Suite342/2Lands/Row/W1J6HL LDN. 18 years or over.,False,False,False,False,False,False,False,False
1154,spam,1000's of girls many local 2 u who r virgins 2 this & r ready 2 4fil ur every sexual need. Can u 4fil theirs? text CUTE to 69911(£1.50p. m),False,False,False,False,False,False,False,False
1160,ham,Yun buying... But school got offer 2000 plus only...,False,True,False,True,False,False,False,False
1172,spam,"Got what it takes 2 take part in the WRC Rally in Oz? U can with Lucozade Energy! Text RALLY LE to 61200 (25p), see packs or lucozade.co.uk/wrc & itcould be u!",False,False,False,False,False,False,False,False
1196,spam,You have 1 new voicemail. Please call 08719181503,False,False,False,False,False,False,False,False
1205,spam,WIN a year supply of CDs 4 a store of ur choice worth £500 & enter our £100 Weekly draw txt MUSIC to 87066 Ts&Cs www.Ldew.com.subs16+1win150ppmx3,False,False,False,False,False,False,False,False
1207,spam,"As a SIM subscriber, you are selected to receive a Bonus! Get it delivered to your door, Txt the word OK to No: 88600 to claim. 150p/msg, EXP. 30Apr",False,False,False,False,False,False,False,False
1217,spam,You have 1 new voicemail. Please call 08719181513.,False,False,False,False,False,False,False,False
1246,ham,Hello which the site to download songs its urgent pls,False,False,False,False,False,False,True,False
1261,ham,"Yo, I'm at my parents' gettin cash. Good news: we picked up a downstem",False,False,False,False,False,True,False,False
1263,spam,"Hungry gay guys feeling hungry and up 4 it, now. Call 08718730555 just 10p/min. To stop texts call 08712460324 (10p/min)",False,False,False,False,False,False,False,False
1269,spam,Can U get 2 phone NOW? I wanna chat 2 set up meet Call me NOW on 09096102316 U can cum here 2moro Luv JANE xx Calls£1/minmoremobsEMSPOBox45PO139WA,False,False,False,False,False,False,False,False
1307,spam,Enjoy the jamster videosound gold club with your credits for 2 new videosounds+2 logos+musicnews! get more fun from jamster.co.uk! 16+only Help? call: 09701213186 ,False,False,False,False,False,False,False,False
1308,spam,"Get 3 Lions England tone, reply lionm 4 mono or lionp 4 poly. 4 more go 2 www.ringtones.co.uk, the original n best. Tones 3GBP network operator rates apply",False,False,False,False,False,False,False,False
1318,spam,"Win the newest “Harry Potter and the Order of the Phoenix (Book 5) reply HARRY, answer 5 questions - chance to be the first among readers!",False,False,False,False,False,False,False,False
1328,spam,Ur balance is now £500. Ur next question is: Who sang 'Uptown Girl' in the 80's ? 2 answer txt ur ANSWER to 83600. Good luck!,False,False,False,False,False,False,False,False
1364,ham,"Yetunde, i'm sorry but moji and i seem too busy to be able to go shopping. Can you just please find some other way to get what you wanted us to get. Please forgive me. You can reply free via yahoo messenger.",False,False,False,False,True,False,False,False
1366,spam,"HOT LIVE FANTASIES call now 08707509020 Just 20p per min NTT Ltd, PO Box 1327 Croydon CR9 5WB 0870..k",False,False,False,False,False,False,False,False
1374,spam,"Bears Pic Nick, and Tom, Pete and ... Dick. In fact, all types try gay chat with photo upload call 08718730666 (10p/min). 2 stop texts call 08712460324",False,False,False,False,False,False,False,False
1375,spam,"500 New Mobiles from 2004, MUST GO! Txt: NOKIA to No: 89545 & collect yours today!From ONLY £1 www.4-tc.biz 2optout 087187262701.50gbp/mtmsg18 TXTAUCTION",False,False,False,False,False,False,False,False
1414,spam,Dear U've been invited to XCHAT. This is our final attempt to contact u! Txt CHAT to 86688 150p/MsgrcvdHG/Suite342/2Lands/Row/W1J6HL LDN 18 yrs,False,False,False,False,False,False,False,False
1430,spam,For sale - arsenal dartboard. Good condition but no doubles or trebles!,False,False,False,False,False,False,False,False
1449,spam,As a registered optin subscriber ur draw 4 £100 gift voucher will be entered on receipt of a correct ans to 80062 Whats No1 in the BBC charts,False,False,False,False,False,False,False,False
1458,spam,CLAIRE here am havin borin time & am now alone U wanna cum over 2nite? Chat now 09099725823 hope 2 C U Luv CLAIRE xx Calls£1/minmoremobsEMSPOBox45PO139WA,False,False,False,False,False,False,False,False
1466,spam,"YOU 07801543489 are guaranteed the latests Nokia Phone, a 40GB iPod MP3 player or a £500 prize! Txt word:COLLECT to No:83355! TC-LLC NY-USA 150p/Mt msgrcvd18+",False,False,False,False,False,False,False,False
1469,spam,Hi its LUCY Hubby at meetins all day Fri & I will B alone at hotel U fancy cumin over? Pls leave msg 2day 09099726395 Lucy x Calls£1/minMobsmoreLKPOBOX177HP51FL,False,False,False,False,False,False,False,False
1500,spam,"SMS. ac JSco: Energy is high, but u may not know where 2channel it. 2day ur leadership skills r strong. Psychic? Reply ANS w/question. End? Reply END JSCO",False,False,False,False,False,False,False,False
1502,spam,"HOT LIVE FANTASIES call now 08707509020 Just 20p per min NTT Ltd, PO Box 1327 Croydon CR9 5WB 0870 is a national rate call",False,False,False,False,False,False,False,False
1506,ham,Total video converter free download type this in google search:),False,False,False,False,True,False,False,False
1594,spam,PRIVATE! Your 2003 Account Statement for shows 800 un-redeemed S. I. M. points. Call 08719899230 Identifier Code: 41685 Expires 07/11/04,False,False,False,False,False,False,False,False
1597,spam,As a Registered Subscriber yr draw 4 a £100 gift voucher will b entered on receipt of a correct ans. When are the next olympics. Txt ans to 80062,False,False,False,False,False,False,False,False
1609,ham,Are your freezing ? Are you home yet ? Will you remember to kiss your mom in the morning? Do you love me ? Do you think of me ? Are you missing me yet ?,False,False,False,False,True,False,False,False
1613,spam,RT-KIng Pro Video Club>> Need help? info@ringtoneking.co.uk or call 08701237397 You must be 16+ Club credits redeemable at www.ringtoneking.co.uk! Enjoy!,False,False,False,False,False,False,False,False
1623,spam,U have a secret admirer who is looking 2 make contact with U-find out who they R*reveal who thinks UR so special-call on 09058094599,False,False,False,False,False,False,False,False
1628,spam,"You have been selected to stay in 1 of 250 top British hotels - FOR NOTHING! Holiday Worth £350! To Claim, Call London 02072069400. Bx 526, SW73SS",False,False,False,False,False,False,False,False
1635,spam,"Eerie Nokia tones 4u, rply TONE TITLE to 8007 eg TONE DRACULA to 8007 Titles: GHOST, ADDAMSFA, MUNSTERS, EXORCIST, TWILIGHT www.getzed.co.uk POBox36504W45WQ 150p",False,False,False,False,False,False,False,False
1638,spam,"0A$NETWORKS allow companies to bill for SMS, so they are responsible for their ""suppliers"", just as a shop has to give a guarantee on what they sell. B. G.",False,False,False,False,False,False,False,False
1659,spam,RGENT! This is the 2nd attempt to contact U!U have WON £1250 CALL 09071512433 b4 050703 T&CsBCM4235WC1N3XX. callcost 150ppm mobilesvary. max£7. 50,False,False,False,False,False,False,False,False
1674,spam,Monthly password for wap. mobsi.com is 391784. Use your wap phone not PC.,False,False,False,False,False,False,False,False
1687,spam,todays vodafone numbers ending with 0089(my last four digits) are selected to received a £350 award. If your number matches please call 09063442151 to claim your £350 award,False,False,False,False,False,False,False,False
1691,spam,Sunshine Quiz Wkly Q! Win a top Sony DVD player if u know which country the Algarve is in? Txt ansr to 82277. £1.50 SP:Tyrone,False,False,False,False,False,False,False,False
1714,spam,Hard LIVE 121 chat just 60p/min. Choose your girl and connect LIVE. Call 09094646899 now! Cheap Chat UK's biggest live service. VU BCM1896WC1N3XX,False,False,False,False,False,False,False,False
1718,spam,WOW! The Boys R Back. TAKE THAT 2007 UK Tour. Win VIP Tickets & pre-book with VIP Club. Txt CLUB to 81303. Trackmarque Ltd info@vipclub4u.,False,False,False,False,False,False,False,False
1734,spam,"Hi, this is Mandy Sullivan calling from HOTMIX FM...you are chosen to receive £5000.00 in our Easter Prize draw.....Please telephone 09041940223 to claim before 29/03/05 or your prize will be transferred to someone else....",False,False,False,False,False,False,False,False
1745,spam,Someone has conacted our dating service and entered your phone because they fancy you!To find out who it is call from landline 09111030116. PoBox12n146tf15,False,False,False,False,False,False,False,False
1759,ham,Sorry i'm not free...,False,False,False,False,True,False,False,False
1778,spam,Buy Space Invaders 4 a chance 2 win orig Arcade Game console. Press 0 for Games Arcade (std WAP charge) See o2.co.uk/games 4 Terms + settings. No purchase,False,False,False,True,False,False,False,False
1784,ham,No dear i do have free messages without any recharge. Hi hi hi,False,False,False,False,True,False,False,False
1791,ham,Am not working but am up to eyes in philosophy so will text u later when a bit more free for chat...,False,False,False,False,True,False,False,False
1807,spam,Todays Voda numbers ending 1225 are selected to receive a £50award. If you have a match please call 08712300220 quoting claim code 3100 standard rates app ,False,False,False,False,False,False,False,False
1830,spam,"Hottest pics straight to your phone!! See me getting Wet and Wanting, just for you xx Text PICS to 89555 now! txt costs 150p textoperator g696ga 18 XxX",False,False,False,False,False,False,False,False
1839,spam,"Hack Chat. Get backdoor entry into 121 chat rooms at a fraction of the cost. Reply NEO69 or call 09050280520, to subscribe 25p pm. DPS, Bcm box 8027 Ldn, wc1n3xx",False,False,False,False,False,False,False,False
1853,spam,"This is the 2nd time we have tried 2 contact u. U have won the 750 Pound prize. 2 claim is easy, call 08718726970 NOW! Only 10p per min. BT-national-rate ",False,False,False,False,False,False,False,False
1875,spam,Would you like to see my XXX pics they are so hot they were nearly banned in the uk!,False,False,False,False,False,False,False,False
1876,spam,HMV BONUS SPECIAL 500 pounds of genuine HMV vouchers to be won. Just answer 4 easy questions. Play Now! Send HMV to 86688 More info:www.100percent-real.com,False,False,False,False,False,False,False,False
1880,spam,U have a secret admirer who is looking 2 make contact with U-find out who they R*reveal who thinks UR so special-call on 09058094594,False,False,False,False,False,False,False,False
1887,spam,Dear 0776xxxxxxx U've been invited to XCHAT. This is our final attempt to contact u! Txt CHAT to 86688 150p/MsgrcvdHG/Suite342/2Lands/Row/W1J6HL LDN 18yrs ,False,False,False,False,False,False,False,False
1893,spam,CALL 09090900040 & LISTEN TO EXTREME DIRTY LIVE CHAT GOING ON IN THE OFFICE RIGHT NOW TOTAL PRIVACY NO ONE KNOWS YOUR [sic] LISTENING 60P MIN 24/7MP 0870753331018+,False,False,False,False,False,False,False,False
1929,spam,Call from 08702490080 - tells u 2 call 09066358152 to claim £5000 prize. U have 2 enter all ur mobile & personal details @ the prompts. Careful!,False,False,False,False,False,False,False,False
1940,spam,More people are dogging in your area now. Call 09090204448 and join like minded guys. Why not arrange 1 yourself. There's 1 this evening. A£1.50 minAPN LS278BB,False,False,False,False,False,False,False,False
1942,spam,"WELL DONE! Your 4* Costa Del Sol Holiday or £5000 await collection. Call 09050090044 Now toClaim. SAE, TCs, POBox334, Stockport, SK38xh, Cost£1.50/pm, Max10mins",False,False,False,False,False,False,False,False
1961,spam,Guess what! Somebody you know secretly fancies you! Wanna find out who it is? Give us a call on 09065394973 from Landline DATEBox1282EssexCM61XN 150p/min 18,False,False,False,False,False,False,False,False
1978,spam,Reply to win £100 weekly! Where will the 2006 FIFA World Cup be held? Send STOP to 87239 to end service,False,False,False,False,False,False,False,False
1984,ham,I wnt to buy a BMW car urgently..its vry urgent.but hv a shortage of  &lt;#&gt; Lacs.there is no source to arng dis amt. &lt;#&gt; lacs..thats my prob,False,False,False,True,False,False,True,False
2023,spam,"U can WIN £100 of Music Gift Vouchers every week starting NOW Txt the word DRAW to 87066 TsCs www.ldew.com SkillGame,1Winaweek, age16.150ppermessSubscription",False,False,False,False,False,False,False,False
2053,spam,"Call 09094100151 to use ur mins! Calls cast 10p/min (mob vary). Service provided by AOM, just GBP5/month. AOM Box61,M60 1ER until u stop. Ages 18+ only!",False,False,False,False,False,False,False,False
2070,spam,"Eerie Nokia tones 4u, rply TONE TITLE to 8007 eg TONE DRACULA to 8007 Titles: GHOST, ADDAMSFA, MUNSTERS, EXORCIST, TWILIGHT www.getzed.co.uk POBox36504W45WQ 150p ",False,False,False,False,False,False,False,False
2071,spam,Sexy Singles are waiting for you! Text your AGE followed by your GENDER as wither M or F E.G.23F. For gay men text your AGE followed by a G. e.g.23G.,False,False,False,False,False,False,False,False
2089,spam,Well done ENGLAND! Get the official poly ringtone or colour flag on yer mobile! text TONE or FLAG to 84199 NOW! Opt-out txt ENG STOP. Box39822 W111WX £1.50,False,False,False,False,False,False,False,False
2092,ham,Then get some cash together and I'll text jason,False,False,False,False,False,True,False,False
2095,spam,PRIVATE! Your 2004 Account Statement for 07742676969 shows 786 unredeemed Bonus Points. To claim call 08719180248 Identifier Code: 45239 Expires,False,False,False,False,False,False,False,False
2100,spam,"SMS SERVICES. for your inclusive text credits, pls goto www.comuk.net login= ***** unsubscribe with STOP. no extra charge. help:08700469649. PO BOX420. IP4 5WE",False,False,False,False,False,False,False,False
2115,spam,"Sunshine Hols. To claim ur med holiday send a stamped self address envelope to Drinks on Us UK, PO Box 113, Bray, Wicklow, Eire. Quiz Starts Saturday! Unsub Stop",False,False,False,False,False,False,False,False
2119,spam,"U can WIN £100 of Music Gift Vouchers every week starting NOW Txt the word DRAW to 87066 TsCs www.Idew.com SkillGame, 1Winaweek, age16. 150ppermessSubscription",False,False,False,False,False,False,False,False
2121,ham,"Argh my 3g is spotty, anyway the only thing I remember from the research we did was that province and sterling were the only problem-free places we looked at",False,False,False,False,True,False,False,False
2124,spam,+123 Congratulations - in this week's competition draw u have won the £1450 prize to claim just call 09050002311 b4280703. T&Cs/stop SMS 08718727868. Over 18 only 150ppm,False,False,False,False,False,False,False,False
2133,spam,Your B4U voucher w/c 27/03 is MARSMS. Log onto www.B4Utele.com for discount credit. To opt out reply stop. Customer care call 08717168528,False,False,False,False,False,False,False,False
2146,spam,"Sunshine Hols. To claim ur med holiday send a stamped self address envelope to Drinks on Us UK, PO Box 113, Bray, Wicklow, Eire. Quiz Starts Saturday! Unsub Stop",False,False,False,False,False,False,False,False
2224,spam,"Thanks for your ringtone order, ref number K718. Your mobile will be charged £4.50. Should your tone not arrive please call customer services on 09065069120",False,False,False,False,False,False,False,False
2225,ham,"I prefer my free days... Tues, wed, fri oso can... Ü ask those workin lor...",False,False,False,False,True,False,False,False
2232,ham,"K, wen ur free come to my home and also tel vikky i hav sent mail to him also.. Better come evening il be free today aftr 6pm..:-)",False,False,False,False,True,False,False,False
2247,spam,"Hi ya babe x u 4goten bout me?' scammers getting smart..Though this is a regular vodafone no, if you respond you get further prem rate msg/subscription. Other nos used also. Beware!",False,False,False,False,False,False,False,False
2248,spam,Back 2 work 2morro half term over! Can U C me 2nite 4 some sexy passion B4 I have 2 go back? Chat NOW 09099726481 Luv DENA Calls £1/minMobsmoreLKPOBOX177HP51FL,False,False,False,False,False,False,False,False
2250,spam,"Thanks for your ringtone order, ref number R836. Your mobile will be charged £4.50. Should your tone not arrive please call customer services on 09065069154",False,False,False,False,False,False,False,False
2261,spam,SplashMobile: Choose from 1000s of gr8 tones each wk! This is a subscrition service with weekly tones costing 300p. U have one credit - kick back and ENJOY,False,False,False,False,False,False,False,False
2264,spam,Not heard from U4 a while. Call 4 rude chat private line 01223585334 to cum. Wan 2C pics of me gettin shagged then text PIX to 8552. 2End send STOP 8552 SAM xxx,False,False,False,False,False,False,False,False
2269,spam,88066 FROM 88066 LOST 3POUND HELP,False,False,False,False,False,False,False,True
2289,ham,Dont you have message offer,False,True,False,False,False,False,False,False
2295,spam,You have 1 new message. Please call 08718738034.,False,False,False,False,False,False,False,False
2297,spam,<Forwarded from 21870000>Hi - this is your Mailbox Messaging SMS alert. You have 4 messages. You have 21 matches. Please call back on 09056242159 to retrieve your messages and matches,False,False,False,False,False,False,False,False
2308,spam,WIN a year supply of CDs 4 a store of ur choice worth £500 & enter our £100 Weekly draw txt MUSIC to 87066 Ts&Cs www.Ldew.com.subs16+1win150ppmx3,False,False,False,False,False,False,False,False
2309,spam,Moby Pub Quiz.Win a £100 High Street prize if u know who the new Duchess of Cornwall will be? Txt her first name to 82277.unsub STOP £1.50 008704050406 SP Arrow,False,False,False,False,False,False,False,False
2312,spam,"Congratulations! Thanks to a good friend U have WON the £2,000 Xmas prize. 2 claim is easy, just call 08718726971 NOW! Only 10p per minute. BT-national-rate.",False,False,False,False,False,False,False,False
2330,ham,Am surfing online store. For offers do you want to buy any thing.,False,True,False,True,False,False,False,False
2352,spam,"Download as many ringtones as u like no restrictions, 1000s 2 choose. U can even send 2 yr buddys. Txt Sir to 80082 £3 ",False,False,False,False,False,False,False,False
2364,spam,"Fantasy Football is back on your TV. Go to Sky Gamestar on Sky Active and play £250k Dream Team. Scoring starts on Saturday, so register now!SKY OPT OUT to 88088",False,False,False,False,False,False,False,False
2370,ham,"A Boy loved a gal. He propsd bt she didnt mind. He gv lv lttrs, Bt her frnds threw thm. Again d boy decided 2 aproach d gal , dt time a truck was speeding towards d gal. Wn it was about 2 hit d girl,d boy ran like hell n saved her. She asked 'hw cn u run so fast?' D boy replied ""Boost is d secret of my energy"" n instantly d girl shouted ""our energy"" n Thy lived happily 2gthr drinking boost evrydy Moral of d story:- I hv free msgs:D;): gud ni8",False,False,False,False,True,False,False,False
2374,spam,XMAS Prize draws! We are trying to contact U. Todays draw shows that you have won a £2000 prize GUARANTEED. Call 09058094565 from land line. Valid 12hrs only,False,False,False,False,False,False,False,False
2378,spam,YES! The only place in town to meet exciting adult singles is now in the UK. Txt CHAT to 86688 now! 150p/Msg.,False,False,False,False,False,False,False,False
2379,ham,"Hi, Mobile no.  &lt;#&gt;  has added you in their contact list on www.fullonsms.com It s a great place to send free sms to people For more visit fullonsms.com",False,False,False,False,True,False,False,False
2386,spam,"Someone has contacted our dating service and entered your phone becausethey fancy you! To find out who it is call from a landline 09058098002. PoBox1, W14RG 150p",False,False,False,False,False,False,False,False
2402,spam,Babe: U want me dont u baby! Im nasty and have a thing 4 filthyguys. Fancy a rude time with a sexy bitch. How about we go slo n hard! Txt XXX SLO(4msgs),False,False,False,False,False,False,False,False
2413,spam,I don't know u and u don't know me. Send CHAT to 86688 now and let's find each other! Only 150p/Msg rcvd. HG/Suite342/2Lands/Row/W1J6HL LDN. 18 years or over.,False,False,False,False,False,False,False,False
2420,spam,SMS SERVICES For your inclusive text credits pls gotto www.comuk.net login 3qxj9 unsubscribe with STOP no extra charge help 08702840625 comuk.220cm2 9AE,False,False,False,False,False,False,False,False
2427,spam,Valentines Day Special! Win over £1000 in our quiz and take your partner on the trip of a lifetime! Send GO to 83600 now. 150p/msg rcvd. CustCare:08718720201,False,False,False,False,False,False,False,False
2430,spam,Guess who am I?This is the first time I created a web page WWW.ASJESUS.COM read all I wrote. I'm waiting for your opinions. I want to be your friend 1/1,False,False,False,False,False,False,False,False
2434,ham,"Indians r poor but India is not a poor country. Says one of the swiss bank directors. He says that "" &lt;#&gt;  lac crore"" of Indian money is deposited in swiss banks which can be used for 'taxless' budget for  &lt;#&gt;  yrs. Can give  &lt;#&gt;  crore jobs to all Indians. From any village to Delhi 4 lane roads. Forever free power suply to more than  &lt;#&gt;  social projects. Every citizen can get monthly  &lt;#&gt; /- for  &lt;#&gt;  yrs. No need of World Bank &amp; IMF loan. Think how our money is blocked by rich politicians. We have full rights against corrupt politicians. Itna forward karo ki pura INDIA padhe.g.m.""",False,False,False,False,True,False,False,False
2482,ham,K.:)do it at evening da:)urgent:),False,False,False,False,False,False,True,False
2548,spam,"Text82228>> Get more ringtones, logos and games from www.txt82228.com. Questions: info@txt82228.co.uk",False,False,False,False,False,False,False,False
2558,spam,This message is brought to you by GMW Ltd. and is not connected to the,False,False,False,False,False,False,False,False
2574,spam,"Congrats 2 mobile 3G Videophones R yours. call 09063458130 now! videochat wid ur mates, play java games, Dload polypH music, noline rentl. bx420. ip4. 5we. 150p",False,False,False,False,False,False,False,False
2581,spam,U are subscribed to the best Mobile Content Service in the UK for £3 per ten days until you send STOP to 83435. Helpline 08706091795.,False,False,False,False,False,False,False,False
2590,spam,Join the UK's horniest Dogging service and u can have sex 2nite!. Just sign up and follow the instructions. Txt ENTRY to 69888 now! Nyt.EC2A.3LP.msg@150p,False,False,False,False,False,False,False,False
2596,spam,Sunshine Quiz Wkly Q! Win a top Sony DVD player if u know which country Liverpool played in mid week? Txt ansr to 82277. £1.50 SP:Tyrone,False,False,False,False,False,False,False,False
2612,spam,Knock Knock Txt whose there to 80082 to enter r weekly draw 4 a £250 gift voucher 4 a store of yr choice. T&Cs www.tkls.com age16 to stoptxtstop£1.50/week,False,False,False,False,False,False,False,False
2615,ham,"Sir, hope your day is going smoothly. i really hoped i wont have to bother you about this. I have some bills that i can't settle this month. I am out of all extra cash. I know this is a challenging time for you also but i have to let you know.",False,False,False,False,False,True,False,False
2620,spam,<Forwarded from 21870000>Hi - this is your Mailbox Messaging SMS alert. You have 40 matches. Please call back on 09056242159 to retrieve your messages and matches cc100p/min,False,False,False,False,False,False,False,False
2642,spam,"You are guaranteed the latest Nokia Phone, a 40GB iPod MP3 player or a £500 prize! Txt word: COLLECT to No: 83355! IBHltd LdnW15H 150p/Mtmsgrcvd18",False,False,False,False,False,False,False,False
2644,ham,Hi! You just spoke to MANEESHA V. We'd like to know if you were satisfied with the experience. Reply Toll Free with Yes or No.,False,False,False,False,True,False,False,False
2663,spam,"Hello darling how are you today? I would love to have a chat, why dont you tell me what you look like and what you are in to sexy?",False,False,False,False,False,False,False,False
2669,spam,Wanna get laid 2nite? Want real Dogging locations sent direct to ur mobile? Join the UK's largest Dogging Network. Txt PARK to 69696 now! Nyt. ec2a. 3lp £1.50/msg,False,False,False,False,False,False,False,False
2680,spam,"New Tones This week include: 1)McFly-All Ab.., 2) Sara Jorge-Shock.. 3) Will Smith-Switch.. To order follow instructions on next message",False,False,False,False,False,False,False,False
2699,spam,FROM 88066 LOST £12 HELP,False,False,False,False,False,False,False,True
2711,spam,Hope you enjoyed your new content. text stop to 61610 to unsubscribe. help:08712400602450p Provided by tones2you.co.uk,False,False,False,False,False,False,False,False
2719,spam,18 days to Euro2004 kickoff! U will be kept informed of all the latest news and results daily. Unsubscribe send GET EURO STOP to 83222.,False,False,False,False,False,False,False,False
2742,spam,I don't know u and u don't know me. Send CHAT to 86688 now and let's find each other! Only 150p/Msg rcvd. HG/Suite342/2Lands/Row/W1J6HL LDN. 18 years or over.,False,False,False,False,False,False,False,False
2767,spam,Married local women looking for discreet action now! 5 real matches instantly to your phone. Text MATCH to 69969 Msg cost 150p 2 stop txt stop BCMSFWC1N3XX,False,False,False,False,False,False,False,False
2774,spam,How come it takes so little time for a child who is afraid of the dark to become a teenager who wants to stay out all night?,False,False,False,False,False,False,False,False
2818,spam,"Gr8 Poly tones 4 ALL mobs direct 2u rply with POLY TITLE to 8007 eg POLY BREATHE1 Titles: CRAZYIN, SLEEPINGWITH, FINEST, YMCA :getzed.co.uk POBox365O4W45WQ 300p",False,False,False,False,False,False,False,False
2821,spam,INTERFLORA - It's not too late to order Interflora flowers for christmas call 0800 505060 to place your order before Midnight tomorrow.,False,False,False,False,False,False,False,False
2823,spam,ROMCAPspam Everyone around should be responding well to your presence since you are so warm and outgoing. You are bringing in a real breath of sunshine.,False,False,False,False,False,False,False,False
2826,spam,"Congratulations - Thanks to a good friend U have WON the £2,000 Xmas prize. 2 claim is easy, just call 08712103738 NOW! Only 10p per minute. BT-national-rate",False,False,False,False,False,False,False,False
2830,spam,Send a logo 2 ur lover - 2 names joined by a heart. Txt LOVE NAME1 NAME2 MOBNO eg LOVE ADAM EVE 07123456789 to 87077 Yahoo! POBox36504W45WQ TxtNO 4 no ads 150p.,False,False,False,False,False,False,False,False
2850,spam,"YOUR CHANCE TO BE ON A REALITY FANTASY SHOW call now = 08707509020 Just 20p per min NTT Ltd, PO Box 1327 Croydon CR9 5WB 0870 is a national = rate call",False,False,False,False,False,False,False,False
2858,ham,Today i'm not workin but not free oso... Gee... Thgt u workin at ur fren's shop ? ,False,False,False,False,True,False,False,False
2863,spam,Adult 18 Content Your video will be with you shortly,False,False,False,False,False,False,False,False
2871,spam,"YOUR CHANCE TO BE ON A REALITY FANTASY SHOW call now = 08707509020 Just 20p per min NTT Ltd, PO Box 1327 Croydon CR9 5WB 0870 is a national = rate call.",False,False,False,False,False,False,False,False
2876,ham,"Idk. You keep saying that you're not, but since he moved, we keep butting heads over freedom vs. responsibility. And i'm tired. I have so much other shit to deal with that i'm barely keeping myself together once this gets added to it.",False,False,False,False,True,False,False,False
2941,spam,You have 1 new message. Please call 08712400200.,False,False,False,False,False,False,False,False
2945,spam,We currently have a message awaiting your collection. To collect your message just call 08718723815.,False,False,False,False,False,False,False,False
2952,ham,Hey now am free you can call me.,False,False,False,False,True,False,False,False
2959,spam,U have a secret admirer. REVEAL who thinks U R So special. Call 09065174042. To opt out Reply REVEAL STOP. 1.50 per msg recd. Cust care 07821230901,False,False,False,False,False,False,False,False
2965,spam,"Do you ever notice that when you're driving, anyone going slower than you is an idiot and everyone driving faster than you is a maniac?",False,False,False,False,False,False,False,False
2987,spam,Reply to win £100 weekly! What professional sport does Tiger Woods play? Send STOP to 87239 to end service,False,False,False,False,False,False,False,False
2992,spam,"HOT LIVE FANTASIES call now 08707509020 Just 20p per min NTT Ltd, PO Box 1327 Croydon CR9 5WB 0870 is a national rate call",False,False,False,False,False,False,False,False
3010,spam,Update_Now - 12Mths Half Price Orange line rental: 400mins...Call MobileUpd8 on 08000839402 or call2optout=J5Q,False,False,False,False,False,False,False,False
3059,spam,You are now unsubscribed all services. Get tons of sexy babes or hunks straight to your phone! go to http://gotbabes.co.uk. No subscriptions.,False,False,False,False,False,False,False,False
3064,spam,"Hi babe its Jordan, how r u? Im home from abroad and lonely, text me back if u wanna chat xxSP visionsms.com Text stop to stopCost 150p 08712400603",False,False,False,False,False,False,False,False
3067,spam,Get a brand new mobile phone by being an agent of The Mob! Plus loads more goodies! For more info just text MAT to 87021.,False,False,False,False,False,False,False,False
3092,spam,LORD OF THE RINGS:RETURN OF THE KING in store NOW!REPLY LOTR by 2 June 4 Chance 2 WIN LOTR soundtrack CDs StdTxtRate. Reply STOP to end txts,False,False,False,False,False,False,False,False
3110,ham,Lol I was gonna last month. I cashed some in but I left &lt;#&gt; just in case. I was collecting more during the week cause they announced it on the blog.,False,False,False,False,False,True,False,False
3111,spam,Good Luck! Draw takes place 28th Feb 06. Good Luck! For removal send STOP to 87239 customer services 08708034412,False,False,False,False,False,False,False,False
3118,ham,Now am free call me pa.,False,False,False,False,True,False,False,False
3132,spam,"LookAtMe!: Thanks for your purchase of a video clip from LookAtMe!, you've been charged 35p. Think you can do better? Why not send a video in a MMSto 32323.",False,False,False,False,False,False,False,False
3153,spam,Hard LIVE 121 chat just 60p/min. Choose your girl and connect LIVE. Call 09094646899 now! Cheap Chat UK's biggest live service. VU BCM1896WC1N3XX,False,False,False,False,False,False,False,False
3155,spam,Not heard from U4 a while. Call 4 rude chat private line 01223585334 to cum. Wan 2C pics of me gettin shagged then text PIX to 8552. 2End send STOP 8552 SAM xxx,False,False,False,False,False,False,False,False
3164,spam,This is the 2nd time we have tried to contact u. U have won the £1450 prize to claim just call 09053750005 b4 310303. T&Cs/stop SMS 08718725756. 140ppm,False,False,False,False,False,False,False,False
3167,spam,"HOT LIVE FANTASIES call now 08707509020 Just 20p per min NTT Ltd, PO Box 1327 Croydon CR9 5WB 0870..k",False,False,False,False,False,False,False,False
3189,spam,"This is the 2nd time we have tried 2 contact u. U have won the 750 Pound prize. 2 claim is easy, call 08712101358 NOW! Only 10p per min. BT-national-rate",False,False,False,False,False,False,False,False
3192,spam,UR awarded a City Break and could WIN a £200 Summer Shopping spree every WK. Txt STORE to 88039.SkilGme.TsCs087147403231Winawk!Age16+£1.50perWKsub,False,False,False,False,False,False,False,False
3216,ham,I want snow. It's just freezing and windy.,False,False,False,False,True,False,False,False
3222,spam,"Thanks for your ringtone order, reference number X29. Your mobile will be charged 4.50. Should your tone not arrive please call customer services 09065989180",False,False,False,False,False,False,False,False
3260,spam,"Congratulations! Thanks to a good friend U have WON the £2,000 Xmas prize. 2 claim is easy, just call 08718726978 NOW! Only 10p per minute. BT-national-rate",False,False,False,False,False,False,False,False
3272,spam,You have 1 new voicemail. Please call 08719181513.,False,False,False,False,False,False,False,False
3289,spam,"Someone U know has asked our dating service 2 contact you! Cant Guess who? CALL 09058097189 NOW all will be revealed. POBox 6, LS15HB 150p ",False,False,False,False,False,False,False,False
3290,spam,Camera - You are awarded a SiPix Digital Camera! call 09061221066 fromm landline. Delivery within 28 days,False,False,False,False,False,False,False,False
3298,spam,Todays Voda numbers ending 5226 are selected to receive a ?350 award. If you hava a match please call 08712300220 quoting claim code 1131 standard rates app ,False,False,False,False,False,False,False,False
3302,spam,RCT' THNQ Adrian for U text. Rgds Vatian,False,False,False,False,False,False,False,False
3319,ham,I'm freezing and craving ice. Fml,False,False,False,False,True,False,False,False
3333,ham,Ok... The theory test? when are ü going to book? I think it's on 21 may. Coz thought wanna go out with jiayin. But she isnt free,False,False,False,False,True,False,False,False
3334,spam,"You are being contacted by our dating service by someone you know! To find out who it is, call from a land line 09050000928. PoBox45W2TG150P",False,False,False,False,False,False,False,False
3360,spam,Sorry I missed your call let's talk when you have the time. I'm on 07090201529,False,False,False,False,False,False,False,False
3364,ham,Can... I'm free...,False,False,False,False,True,False,False,False
3401,spam,"As a valued customer, I am pleased to advise you that following recent review of your Mob No. you are awarded with a £1500 Bonus Prize, call 09066364589",False,False,False,False,False,False,False,False
3419,spam,LIFE has never been this much fun and great until you came in. You made it truly special for me. I won't forget you! enjoy @ one gbp/sms,False,False,False,False,False,False,False,False
3421,spam,"As a valued customer, I am pleased to advise you that following recent review of your Mob No. you are awarded with a £1500 Bonus Prize, call 09066368470",False,False,False,False,False,False,False,False
3422,spam,Welcome! Please reply with your AGE and GENDER to begin. e.g 24M,False,False,False,False,False,False,False,False
3425,spam,Am new 2 club & dont fink we met yet Will B gr8 2 C U Please leave msg 2day wiv ur area 09099726553 reply promised CARLIE x Calls£1/minMobsmore LKPOBOX177HP51FL,False,False,False,False,False,False,False,False
3433,spam,Camera - You are awarded a SiPix Digital Camera! call 09061221066 fromm landline. Delivery within 28 days.,False,False,False,False,False,False,False,False
3436,ham,Hi darlin i cantdo anythingtomorrow as myparents aretaking me outfor a meal. when are u free? Katexxx,False,False,False,False,True,False,False,False
3443,spam,Save money on wedding lingerie at www.bridal.petticoatdreams.co.uk Choose from a superb selection with national delivery. Brought to you by WeddingFriend,False,False,False,False,False,False,False,False
3460,spam,Not heard from U4 a while. Call me now am here all night with just my knickers on. Make me beg for it like U did last time 01223585236 XX Luv Nikiyu4.net,False,False,False,False,False,False,False,False
3463,spam,Bloomberg -Message center +447797706009 Why wait? Apply for your future http://careers. bloomberg.com,False,False,False,False,False,False,False,False
3483,spam,Do you want a NEW video phone750 anytime any network mins 150 text for only five pounds per week call 08000776320 now or reply for delivery tomorrow,False,False,False,False,False,False,False,False
3493,ham,I will reach office around  &lt;DECIMAL&gt; . &amp; my mobile have problem. You cann't get my voice. So call you asa i'll free,False,False,False,False,True,False,False,False
3495,spam,"You are being contacted by our dating service by someone you know! To find out who it is, call from a land line 09050000878. PoBox45W2TG150P",False,False,False,False,False,False,False,False
3496,spam,"Wan2 win a Meet+Greet with Westlife 4 U or a m8? They are currently on what tour? 1)Unbreakable, 2)Untamed, 3)Unkempt. Text 1,2 or 3 to 83049. Cost 50p +std text",False,False,False,False,False,False,False,False
3501,spam,Dorothy@kiefer.com (Bank of Granite issues Strong-Buy) EXPLOSIVE PICK FOR OUR MEMBERS *****UP OVER 300% *********** Nasdaq Symbol CDGT That is a $5.00 per..,False,False,False,True,False,False,False,False
3504,ham,Free any day but i finish at 6 on mon n thurs...,False,False,False,False,True,False,False,False
3526,ham,I not free today i haf 2 pick my parents up tonite...,False,False,False,False,True,False,False,False
3530,spam,"Xmas & New Years Eve tickets are now on sale from the club, during the day from 10am till 8pm, and on Thurs, Fri & Sat night this week. They're selling fast!",False,False,False,False,False,False,False,False
3548,spam,"Rock yr chik. Get 100's of filthy films &XXX pics on yr phone now. rply FILTH to 69669. Saristar Ltd, E14 9YT 08701752560. 450p per 5 days. Stop2 cancel",False,False,False,False,False,False,False,False
3556,spam,From next month get upto 50% More Calls 4 Ur standard network charge 2 activate Call 9061100010 C Wire3.net 1st4Terms PoBox84 M26 3UZ Cost £1.50 min MobcudB more,False,False,False,False,False,False,False,False
3562,spam,Text BANNEDUK to 89555 to see! cost 150p textoperator g696ga 18+ XXX,False,False,False,False,False,False,False,False
3564,spam,"Auction round 4. The highest bid is now £54. Next maximum bid is £71. To bid, send BIDS e. g. 10 (to bid £10) to 83383. Good luck.",False,False,False,False,False,False,False,False
3568,spam,Collect your VALENTINE'S weekend to PARIS inc Flight & Hotel + £200 Prize guaranteed! Text: PARIS to No: 69101. www.rtf.sphosting.com,False,False,False,False,False,False,False,False
3574,spam,You won't believe it but it's true. It's Incredible Txts! Reply G now to learn truly amazing things that will blow your mind. From O2FWD only 18p/txt,False,False,False,False,False,False,False,False
3587,spam,I am hot n horny and willing I live local to you - text a reply to hear strt back from me 150p per msg Netcollex LtdHelpDesk: 02085076972 reply Stop to end,False,False,False,False,False,False,False,False
3589,ham,If you were/are free i can give. Otherwise nalla adi entey nattil kittum,False,False,False,False,True,False,False,False
3620,spam,8007 25p 4 Alfie Moon's Children in Need song on ur mob. Tell ur m8s. Txt TONE CHARITY to 8007 for nokias or POLY CHARITY for polys :zed 08701417012 profit 2 charity ,False,False,False,False,False,False,False,False
3631,spam,Get the official ENGLAND poly ringtone or colour flag on yer mobile for tonights game! Text TONE or FLAG to 84199. Optout txt ENG STOP Box39822 W111WX £1.50,False,False,False,False,False,False,False,False
3639,spam,"Customer service announcement. We recently tried to make a delivery to you but were unable to do so, please call 07090298926 to re-schedule. Ref:9307622",False,False,False,False,False,False,False,False
3642,spam,"You can stop further club tones by replying ""STOP MIX"" See my-tone.com/enjoy. html for terms. Club tones cost GBP4.50/week. MFL, PO Box 1146 MK45 2WT (2/3)",False,False,False,False,False,False,False,False
3646,spam,wamma get laid?want real doggin locations sent direct to your mobile? join the UKs largest dogging network. txt dogs to 69696 now!nyt. ec2a. 3lp £1.50/msg.,False,False,False,False,False,False,False,False
3658,ham,Studying. But i.ll be free next weekend.,False,False,False,False,True,False,False,False
3679,spam,Promotion Number: 8714714 - UR awarded a City Break and could WIN a £200 Summer Shopping spree every WK. Txt STORE to 88039 . SkilGme. TsCs087147403231Winawk!Age16 £1.50perWKsub,False,False,False,False,False,False,False,False
3692,ham,"Sir, i am waiting for your call, once free please call me.",False,False,False,False,True,False,False,False
3720,spam,"Thanks for your ringtone order, reference number X49. Your mobile will be charged 4.50. Should your tone not arrive please call customer services 09065989182. From: [colour=red]text[/colour]TXTstar",False,False,False,False,False,False,False,False
3725,spam,"Hi there, 2nights ur lucky night! Uve been invited 2 XCHAT, the Uks wildest chat! Txt CHAT to 86688 now! 150p/MsgrcvdHG/Suite342/2Lands/Row/W1J6HL LDN 18yrs",False,False,False,False,False,False,False,False
3727,ham,No chikku nt yet.. Ya i'm free,False,False,False,False,True,False,False,False
3728,ham,"Aldrine, rakhesh ex RTM here.pls call.urgent.",False,False,False,False,False,False,True,False
3742,spam,2/2 146tf150p,False,False,False,False,False,False,False,False
3750,spam,Dear Voucher Holder 2 claim your 1st class airport lounge passes when using Your holiday voucher call 08704439680. When booking quote 1st class x 2,False,False,False,False,False,False,False,False
3755,spam,Bloomberg -Message center +447797706009 Why wait? Apply for your future http://careers. bloomberg.com,False,False,False,False,False,False,False,False
3758,spam,YES! The only place in town to meet exciting adult singles is now in the UK. Txt CHAT to 86688 now! 150p/Msg.,False,False,False,False,False,False,False,False
3766,spam,"Someone U know has asked our dating service 2 contact you! Cant guess who? CALL 09058095107 NOW all will be revealed. POBox 7, S3XY 150p ",False,False,False,False,False,False,False,False
3768,ham,"Sir Goodmorning, Once free call me.",False,False,False,False,True,False,False,False
3776,ham,Hi! You just spoke to MANEESHA V. We'd like to know if you were satisfied with the experience. Reply Toll Free with Yes or No.,False,False,False,False,True,False,False,False
3780,spam,"Claim a 200 shopping spree, just call 08717895698 now! Have you won! MobStoreQuiz10ppm",False,False,False,False,False,False,False,False
3789,spam,"Want to funk up ur fone with a weekly new tone reply TONES2U 2 this text. www.ringtones.co.uk, the original n best. Tones 3GBP network operator rates apply",False,False,False,False,False,False,False,False
3792,spam,"Twinks, bears, scallies, skins and jocks are calling now. Don't miss the weekend's fun. Call 08712466669 at 10p/min. 2 stop texts call 08712460324(nat rate)",False,False,False,False,False,False,False,False
3800,ham,"Actually nvm, got hella cash, we still on for  &lt;#&gt; ish?",False,False,False,False,False,True,False,False
3828,spam,Congratulations U can claim 2 VIP row A Tickets 2 C Blu in concert in November or Blu gift guaranteed Call 09061104276 to claim TS&Cs www.smsco.net cost£3.75max ,False,False,False,False,False,False,False,False
3848,spam,"Fantasy Football is back on your TV. Go to Sky Gamestar on Sky Active and play £250k Dream Team. Scoring starts on Saturday, so register now!SKY OPT OUT to 88088",False,False,False,False,False,False,False,False
3855,ham,oh ya... Got hip hop open. Haha i was thinking can go for jazz then zoom to cine... Actually tonight i'm free leh... And there's a kb lesson tonight,False,False,False,False,True,False,False,False
3860,spam,"Win the newest Harry Potter and the Order of the Phoenix (Book 5) reply HARRY, answer 5 questions - chance to be the first among readers!",False,False,False,False,False,False,False,False
3864,spam,"Oh my god! I've found your number again! I'm so glad, text me back xafter this msgs cst std ntwk chg £1.50",False,False,False,False,False,False,False,False
3885,spam,A link to your picture has been sent. You can also use http://alto18.co.uk/wave/wave.asp?o=44345,False,False,False,False,False,False,False,False
3897,spam,tells u 2 call 09066358152 to claim £5000 prize. U have 2 enter all ur mobile & personal details @ the prompts. Careful!,False,False,False,False,False,False,False,False
3905,spam,Your 2004 account for 07XXXXXXXXX shows 786 unredeemed points. To claim call 08719181259 Identifier code: XXXXX Expires 26.03.05,False,False,False,False,False,False,False,False
3906,spam,Do you want a new video handset? 750 anytime any network mins? Half Price Line Rental? Camcorder? Reply or call 08000930705 for delivery tomorrow,False,False,False,False,False,False,False,False
3951,ham,I got to video tape pple type in message lor. U so free wan 2 help me? Hee... Cos i noe u wan 2 watch infernal affairs so ask u along. Asking shuhui oso.,False,False,False,False,True,False,False,False
3963,spam,"You have been specially selected to receive a ""3000 award! Call 08712402050 BEFORE the lines close. Cost 10ppm. 16+. T&Cs apply. AG Promo",False,False,False,False,False,False,False,False
3968,spam,YOU HAVE WON! As a valued Vodafone customer our computer has picked YOU to win a £150 prize. To collect is easy. Just call 09061743386,False,False,False,False,False,False,False,False
3981,spam,ringtoneking 84484,False,False,False,False,False,False,False,False
3988,spam,Ringtone Club: Gr8 new polys direct to your mobile every week !,False,False,False,False,False,False,False,False
3991,spam,(Bank of Granite issues Strong-Buy) EXPLOSIVE PICK FOR OUR MEMBERS *****UP OVER 300% *********** Nasdaq Symbol CDGT That is a $5.00 per..,False,False,False,True,False,False,False,False
3998,spam,Bored housewives! Chat n date now! 0871750.77.11! BT-national rate 10p/min only from landlines!,False,False,False,False,False,False,False,False
4001,spam,"This is the 2nd time we have tried to contact u. U have won the £400 prize. 2 claim is easy, just call 087104711148 NOW! Only 10p per minute. BT-national-rate",False,False,False,False,False,False,False,False
4009,ham,"Forgot you were working today! Wanna chat, but things are ok so drop me a text when you're free / bored etc and i'll ring. Hope all is well, nose essay and all xx",False,False,False,False,True,False,False,False
4011,spam,"Wan2 win a Meet+Greet with Westlife 4 U or a m8? They are currently on what tour? 1)Unbreakable, 2)Untamed, 3)Unkempt. Text 1,2 or 3 to 83049. Cost 50p +std text",False,False,False,False,False,False,False,False
4016,spam,You will be receiving this week's Triple Echo ringtone shortly. Enjoy it!,False,False,False,False,False,False,False,False
4020,spam,"U've been selected to stay in 1 of 250 top British hotels - FOR NOTHING! Holiday valued at £350! Dial 08712300220 to claim - National Rate Call. Bx526, SW73SS",False,False,False,False,False,False,False,False
4036,spam,YOU ARE CHOSEN TO RECEIVE A £350 AWARD! Pls call claim number 09066364311 to collect your award which you are selected to receive as a valued mobile customer.,False,False,False,False,False,False,False,False
4048,spam,"Thanks for your ringtone order, reference number X49.Your mobile will be charged 4.50. Should your tone not arrive please call customer services 09065989182",False,False,False,False,False,False,False,False
4060,spam,Moby Pub Quiz.Win a £100 High Street prize if u know who the new Duchess of Cornwall will be? Txt her first name to 82277.unsub STOP £1.50 008704050406 SP,False,False,False,False,False,False,False,False
4062,ham,"Aight I've been set free, think you could text me blake's address? It occurs to me I'm not quite as sure what I'm doing as I thought I was",False,False,False,False,True,False,False,False
4068,spam,"You are being contacted by our Dating Service by someone you know! To find out who it is, call from your mobile or landline 09064017305 PoBox75LDNS7 ",False,False,False,False,False,False,False,False
4069,spam,TBS/PERSOLVO. been chasing us since Sept for£38 definitely not paying now thanks to your information. We will ignore them. Kath. Manchester.,False,False,False,False,False,False,False,False
4073,spam,Loans for any purpose even if you have Bad Credit! Tenants Welcome. Call NoWorriesLoans.com on 08717111821,False,False,False,False,False,False,False,False
4088,spam,PRIVATE! Your 2003 Account Statement for 07973788240 shows 800 un-redeemed S. I. M. points. Call 08715203649 Identifier Code: 40533 Expires 31/10/04,False,False,False,False,False,False,False,False
4102,spam,GSOH? Good with SPAM the ladies?U could b a male gigolo? 2 join the uk's fastest growing mens club reply ONCALL. mjzgroup. 08714342399.2stop reply STOP. msg@£1.50rcvd,False,False,False,False,False,False,False,False
4104,spam,U have a secret admirer who is looking 2 make contact with U-find out who they R*reveal who thinks UR so special-call on 09058094599,False,False,False,False,False,False,False,False
4108,spam,"HOT LIVE FANTASIES call now 08707500020 Just 20p per min NTT Ltd, PO Box 1327 Croydon CR9 5WB 0870 is a national rate call",False,False,False,False,False,False,False,False
4127,spam,"SPJanuary Male Sale! Hot Gay chat now cheaper, call 08709222922. National rate from 1.5p/min cheap to 7.8p/min peak! To stop texts call 08712460324 (10p/min)",False,False,False,False,False,False,False,False
4144,spam,"In The Simpsons Movie released in July 2007 name the band that died at the start of the film? A-Green Day, B-Blue Day, C-Red Day. (Send A, B or C)",False,False,False,False,False,False,False,False
4151,ham,I only work from mon to thurs but Sat i cant leh... Booked liao... Which other day u free?,False,False,False,False,True,False,False,False
4169,spam,Congrats! Nokia 3650 video camera phone is your Call 09066382422 Calls cost 150ppm Ave call 3mins vary from mobiles 16+ Close 300603 post BCM4284 Ldn WC1N3XX,False,False,False,False,False,False,False,False
4199,spam,"Want to funk up ur fone with a weekly new tone reply TONES2U 2 this text. www.ringtones.co.uk, the original n best. Tones 3GBP network operator rates apply",False,False,False,False,False,False,False,False
4200,spam,"cmon babe, make me horny, *turn* me on! Txt me your fantasy now babe -) Im hot, sticky and need you now. All replies cost £1.50. 2 cancel send STOP",False,False,False,False,False,False,False,False
4202,ham,Wylie update: my weed dealer carlos went to freedom and had a class with lunsford,False,False,False,False,True,False,False,False
4213,spam,Missed call alert. These numbers called but left no message. 07008009200,False,False,False,False,False,False,False,False
4221,ham,U free on sat rite? U wan 2 watch infernal affairs wif me n darren n mayb xy?,False,False,False,False,True,False,False,False
4237,spam,"U can WIN £100 of Music Gift Vouchers every week starting NOW Txt the word DRAW to 87066 TsCs www.Idew.com SkillGame, 1Winaweek, age16. 150ppermessSubscription",False,False,False,False,False,False,False,False
4248,spam,Text PASS to 69669 to collect your polyphonic ringtones. Normal gprs charges apply only. Enjoy your tones,False,False,False,False,False,False,False,False
4249,spam,"accordingly. I repeat, just text the word ok on your mobile phone and send",False,False,False,False,False,False,False,False
4256,spam,Block Breaker now comes in deluxe format with new features and great graphics from T-Mobile. Buy for just £5 by replying GET BBDELUXE and take the challenge,False,False,False,True,False,False,False,False
4272,spam,Natalja (25/F) is inviting you to be her friend. Reply YES-440 or NO-440 See her: www.SMS.ac/u/nat27081980 STOP? Send STOP FRND to 62468,False,False,False,False,False,False,False,False
4295,spam,Kit Strip - you have been billed 150p. Netcollex Ltd. PO Box 1013 IG11 OJA,False,False,False,False,False,False,False,False
4296,spam,HMV BONUS SPECIAL 500 pounds of genuine HMV vouchers to be won. Just answer 4 easy questions. Play Now! Send HMV to 86688 More info:www.100percent-real.com,False,False,False,False,False,False,False,False
4299,spam,"WELL DONE! Your 4* Costa Del Sol Holiday or £5000 await collection. Call 09050090044 Now toClaim. SAE, TCs, POBox334, Stockport, SK38xh, Cost£1.50/pm, Max10mins",False,False,False,False,False,False,False,False
4303,ham,Aiyar hard 2 type. U later free then tell me then i call n scold n tell u.,False,False,False,False,True,False,False,False
4304,ham,Yup i'm free...,False,False,False,False,True,False,False,False
4311,spam,Someone U know has asked our dating service 2 contact you! Cant Guess who? CALL 09058091854 NOW all will be revealed. PO BOX385 M6 6WU,False,False,False,False,False,False,False,False
4329,spam,"Congrats! 2 mobile 3G Videophones R yours. call 09061744553 now! videochat wid ur mates, play java games, Dload polyH music, noline rentl. bx420. ip4. 5we. 150pm",False,False,False,False,False,False,False,False
4348,spam,U 447801259231 have a secret admirer who is looking 2 make contact with U-find out who they R*reveal who thinks UR so special-call on 09058094597,False,False,False,False,False,False,False,False
4359,spam,"Our dating service has been asked 2 contact U by someone shy! CALL 09058091870 NOW all will be revealed. POBox84, M26 3UZ 150p",False,False,False,False,False,False,False,False
4371,spam,Do you want a new Video handset? 750 any time any network mins? UNLIMITED TEXT? Camcorder? Reply or Call now 08000930705 for del Sat AM,False,False,False,False,False,False,False,False
4373,spam,"Ur balance is now £600. Next question: Complete the landmark, Big, A. Bob, B. Barry or C. Ben ?. Text A, B or C to 83738. Good luck!",False,False,False,False,False,False,False,False
4376,spam,Ur TONEXS subscription has been renewed and you have been charged £4.50. You can choose 10 more polys this month. www.clubzed.co.uk *BILLING MSG*,False,False,False,False,False,False,False,False
4377,spam,"If you don't, your prize will go to another customer. T&C at www.t-c.biz 18+ 150p/min Polo Ltd Suite 373 London W1J 6HL Please call back if busy",False,False,False,False,False,False,False,False
4394,spam,RECPT 1/3. You have ordered a Ringtone. Your order is being processed...,False,False,False,False,False,False,False,False
4407,spam,As one of our registered subscribers u can enter the draw 4 a 100 G.B. gift voucher by replying with ENTER. To unsubscribe text STOP,False,False,False,False,False,False,False,False
4419,ham,"When you get free, call me",False,False,False,False,True,False,False,False
4436,spam,Don't b floppy... b snappy & happy! Only gay chat service with photo upload call 08718730666 (10p/min). 2 stop our texts call 08712460324,False,False,False,False,False,False,False,False
4461,ham,This is wishing you a great day. Moji told me about your offer and as always i was speechless. You offer so easily to go to great lengths on my behalf and its stunning. My exam is next friday. After that i will keep in touch more. Sorry.,False,True,False,False,False,False,False,False
4471,ham,"Lemme know when I can swing by and pick up, I'm free basically any time after 1 all this semester",False,False,False,False,True,False,False,False
4473,spam,3. You have received your mobile content. Enjoy,False,False,False,False,False,False,False,False
4475,spam,Want explicit SEX in 30 secs? Ring 02073162414 now! Costs 20p/min,False,False,False,False,False,False,False,False
4499,spam,"Latest Nokia Mobile or iPOD MP3 Player +£400 proze GUARANTEED! Reply with: WIN to 83355 now! Norcorp Ltd.£1,50/Mtmsgrcvd18+",False,False,False,False,False,False,False,False
4500,spam,"SMS SERVICES. for your inclusive text credits, pls goto www.comuk.net login= 3qxj9 unsubscribe with STOP, no extra charge. help 08702840625.COMUK. 220-CM2 9AE",False,False,False,False,False,False,False,False
4506,spam,Mobile Club: Choose any of the top quality items for your mobile. 7cfca1a,False,False,False,False,False,False,False,False
4514,spam,Money i have won wining number 946 wot do i do next,False,False,False,False,False,False,False,False
4517,spam,"Congrats! 2 mobile 3G Videophones R yours. call 09061744553 now! videochat wid ur mates, play java games, Dload polyH music, noline rentl. bx420. ip4. 5we. 150pm",False,False,False,False,False,False,False,False
4527,spam,"I want some cock! My hubby's away, I need a real man 2 satisfy me. Txt WIFE to 89938 for no strings action. (Txt STOP 2 end, txt rec £1.50ea. OTBox 731 LA1 7WS. )",False,False,False,False,False,False,False,False
4534,spam,Gr8 new service - live sex video chat on your mob - see the sexiest dirtiest girls live on ur phone - 4 details text horny to 89070 to cancel send STOP to 89070,False,False,False,False,False,False,False,False
4571,spam,Wanna have a laugh? Try CHIT-CHAT on your mobile now! Logon by txting the word: CHAT and send it to No: 8883 CM PO Box 4217 London W1A 6ZF 16+ 118p/msg rcvd,False,False,False,False,False,False,False,False
4584,spam,"For ur chance to win a £250 wkly shopping spree TXT: SHOP to 80878. T's&C's www.txt-2-shop.com custcare 08715705022, 1x150p/wk",False,False,False,False,False,False,False,False
4586,spam,U have a Secret Admirer who is looking 2 make contact with U-find out who they R*reveal who thinks UR so special-call on 09065171142-stopsms-08718727870150ppm,False,False,False,False,False,False,False,False
4592,spam,Well done ENGLAND! Get the official poly ringtone or colour flag on yer mobile! text TONE or FLAG to 84199 NOW! Opt-out txt ENG STOP. Box39822 W111WX £1.50,False,False,False,False,False,False,False,False
4616,spam,Sunshine Quiz! Win a super Sony DVD recorder if you canname the capital of Australia? Text MQUIZ to 82277. B,False,False,False,False,False,False,False,False
4629,spam,Todays Voda numbers ending with 7634 are selected to receive a £350 reward. If you have a match please call 08712300220 quoting claim code 7684 standard rates apply.,False,False,False,False,False,False,False,False
4643,spam,You are being ripped off! Get your mobile content from www.clubmoby.com call 08717509990 poly/true/Pix/Ringtones/Games six downloads for only 3,False,False,False,False,False,False,False,False
4652,spam,A £400 XMAS REWARD IS WAITING FOR YOU! Our computer has randomly picked you from our loyal mobile customers to receive a £400 reward. Just call 09066380611 ,False,False,False,False,False,False,False,False
4658,spam,PRIVATE! Your 2003 Account Statement for shows 800 un-redeemed S. I. M. points. Call 08718738002 Identifier Code: 48922 Expires 21/11/04,False,False,False,False,False,False,False,False
4672,ham,"Probably not, I'm almost out of gas and I get some cash tomorrow",False,False,False,False,False,True,False,False
4673,spam,"Customer service announcement. We recently tried to make a delivery to you but were unable to do so, please call 07099833605 to re-schedule. Ref:9280114",False,False,False,False,False,False,False,False
4676,spam,"Hi babe its Chloe, how r u? I was smashed on saturday night, it was great! How was your weekend? U been missing me? SP visionsms.com Text stop to stop 150p/text",False,False,False,False,False,False,False,False
4729,ham,I (Career Tel) have added u as a contact on INDYAROCKS.COM to send FREE SMS. To remove from phonebook - sms NO to  &lt;#&gt;,False,False,False,False,True,False,False,False
4735,spam,Buy Space Invaders 4 a chance 2 win orig Arcade Game console. Press 0 for Games Arcade (std WAP charge) See o2.co.uk/games 4 Terms + settings. No purchase,False,False,False,True,False,False,False,False
4746,spam,Camera - You are awarded a SiPix Digital Camera! call 09061221066 fromm landline. Delivery within 28 days.,False,False,False,False,False,False,False,False
4752,spam,Your weekly Cool-Mob tones are ready to download !This weeks new Tones include: 1) Crazy Frog-AXEL F>>> 2) Akon-Lonely>>> 3) Black Eyed-Dont P >>>More info in n,False,False,False,False,False,False,False,False
4768,spam,Your unique user ID is 1172. For removal send STOP to 87239 customer services 08708034412,False,False,False,False,False,False,False,False
4773,ham,"Hi, Mobile no.  &lt;#&gt;  has added you in their contact list on www.fullonsms.com It s a great place to send free sms to people For more visit fullonsms.com",False,False,False,False,True,False,False,False
4798,spam,Santa calling! Would your little ones like a call from Santa Xmas Eve? Call 09077818151 to book you time. Calls1.50ppm last 3mins 30s T&C www.santacalling.com,False,False,False,False,False,False,False,False
4808,spam,PRIVATE! Your 2004 Account Statement for 078498****7 shows 786 unredeemed Bonus Points. To claim call 08719180219 Identifier Code: 45239 Expires 06.05.05,False,False,False,False,False,False,False,False
4821,spam,Check Out Choose Your Babe Videos @ sms.shsex.netUN fgkslpoPW fgkslpo,False,False,False,False,False,False,False,False
4834,spam,"New Mobiles from 2004, MUST GO! Txt: NOKIA to No: 89545 & collect yours today! From ONLY £1. www.4-tc.biz 2optout 087187262701.50gbp/mtmsg18 TXTAUCTION.",False,False,False,False,False,False,False,False
4841,spam,PRIVATE! Your 2003 Account Statement for shows 800 un-redeemed S. I. M. points. Call 08715203652 Identifier Code: 42810 Expires 29/10/0,False,False,False,False,False,False,False,False
4845,spam,YOU HAVE WON! As a valued Vodafone customer our computer has picked YOU to win a £150 prize. To collect is easy. Just call 09061743386 ,False,False,False,False,False,False,False,False
4864,spam,Bored housewives! Chat n date now! 0871750.77.11! BT-national rate 10p/min only from landlines!,False,False,False,False,False,False,False,False
4877,spam,lyricalladie(21/F) is inviting you to be her friend. Reply YES-910 or NO-910. See her: www.SMS.ac/u/hmmross STOP? Send STOP FRND to 62468,False,False,False,False,False,False,False,False
4888,spam,Todays Vodafone numbers ending with 4882 are selected to a receive a £350 award. If your number matches call 09064019014 to receive your £350 award.,False,False,False,False,False,False,False,False
4896,spam,Want the latest Video handset? 750 anytime any network mins? Half price line rental? Reply or call 08000930705 for delivery tomorrow,False,False,False,False,False,False,False,False
4901,spam,"ou are guaranteed the latest Nokia Phone, a 40GB iPod MP3 player or a £500 prize! Txt word: COLLECT to No: 83355! IBHltd LdnW15H 150p/Mtmsgrcvd18",False,False,False,False,False,False,False,False
4914,spam,"Goal! Arsenal 4 (Henry, 7 v Liverpool 2 Henry scores with a simple shot from 6 yards from a pass by Bergkamp to give Arsenal a 2 goal margin after 78 mins.",False,False,False,False,False,False,False,False
4918,spam,"This is the 2nd time we have tried 2 contact u. U have won the 750 Pound prize. 2 claim is easy, call 08712101358 NOW! Only 10p per min. BT-national-rate",False,False,False,False,False,False,False,False
4930,spam,"Got what it takes 2 take part in the WRC Rally in Oz? U can with Lucozade Energy! Text RALLY LE to 61200 (25p), see packs or lucozade.co.uk/wrc & itcould be u!",False,False,False,False,False,False,False,False
4931,spam,"Hi, the SEXYCHAT girls are waiting for you to text them. Text now for a great night chatting. send STOP to stop this service",False,False,False,False,False,False,False,False
4934,ham,Once free call me sir.,False,False,False,False,True,False,False,False
4965,spam,Dear Voucher holder Have your next meal on us. Use the following link on your pc 2 enjoy a 2 4 1 dining experiencehttp://www.vouch4me.com/etlp/dining.asp,False,False,False,False,False,False,False,False
4968,spam,You can donate £2.50 to UNICEF's Asian Tsunami disaster support fund by texting DONATE to 864233. £2.50 will be added to your next bill,False,False,False,False,False,False,False,False
4985,spam,goldviking (29/M) is inviting you to be his friend. Reply YES-762 or NO-762 See him: www.SMS.ac/u/goldviking STOP? Send STOP FRND to 62468,False,False,False,False,False,False,False,False
4991,spam,Phony £350 award - Todays Voda numbers ending XXXX are selected to receive a £350 award. If you have a match please call 08712300220 quoting claim code 3100 standard rates app,False,False,False,False,False,False,False,False
5016,ham,I think the other two still need to get cash but we can def be ready by 9,False,False,False,False,False,True,False,False
5018,spam,Dear 0776xxxxxxx U've been invited to XCHAT. This is our final attempt to contact u! Txt CHAT to 86688 150p/MsgrcvdHG/Suite342/2Lands/Row/W1J6HL LDN 18yrs,False,False,False,False,False,False,False,False
5028,spam,PRIVATE! Your 2003 Account Statement for shows 800 un-redeemed S.I.M. points. Call 08715203685 Identifier Code:4xx26 Expires 13/10/04,False,False,False,False,False,False,False,False
5030,spam,I'd like to tell you my deepest darkest fantasies. Call me 09094646631 just 60p/min. To stop texts call 08712460324 (nat rate),False,False,False,False,False,False,False,False
5037,spam,You won't believe it but it's true. It's Incredible Txts! Reply G now to learn truly amazing things that will blow your mind. From O2FWD only 18p/txt,False,False,False,False,False,False,False,False
5041,spam,Natalie (20/F) is inviting you to be her friend. Reply YES-165 or NO-165 See her: www.SMS.ac/u/natalie2k9 STOP? Send STOP FRND to 62468,False,False,False,False,False,False,False,False
5058,ham,Hey next sun 1030 there's a basic yoga course... at bugis... We can go for that... Pilates intro next sat.... Tell me what time you r free,False,False,False,False,True,False,False,False
5063,ham,Havent stuck at orchard in my dad's car. Going 4 dinner now. U leh? So r they free tonight?,False,False,False,False,True,False,False,False
5068,spam,83039 62735=£450 UK Break AccommodationVouchers terms & conditions apply. 2 claim you mustprovide your claim number which is 15541 ,False,False,False,False,False,False,False,False
5071,spam,5p 4 alfie Moon's Children in need song on ur mob. Tell ur m8s. Txt Tone charity to 8007 for Nokias or Poly charity for polys: zed 08701417012 profit 2 charity.,False,False,False,False,False,False,False,False
5073,spam,WIN a £200 Shopping spree every WEEK Starting NOW. 2 play text STORE to 88039. SkilGme. TsCs08714740323 1Winawk! age16 £1.50perweeksub.,False,False,False,False,False,False,False,False
5102,spam,This msg is for your mobile content order It has been resent as previous attempt failed due to network error Queries to customersqueries@netvision.uk.com,False,False,False,False,False,False,False,False
5104,ham,"A Boy loved a gal. He propsd bt she didnt mind. He gv lv lttrs, Bt her frnds threw thm. Again d boy decided 2 aproach d gal , dt time a truck was speeding towards d gal. Wn it was about 2 hit d girl,d boy ran like hell n saved her. She asked 'hw cn u run so fast?' D boy replied ""Boost is d secret of my energy"" n instantly d girl shouted ""our energy"" n Thy lived happily 2gthr drinking boost evrydy Moral of d story:- I hv free msgs:D;): gud ni8",False,False,False,False,True,False,False,False
5105,ham,I wnt to buy a BMW car urgently..its vry urgent.but hv a shortage of  &lt;#&gt; Lacs.there is no source to arng dis amt. &lt;#&gt; lacs..thats my prob,False,False,False,True,False,False,True,False
5110,spam,You have 1 new message. Please call 08715205273,False,False,False,False,False,False,False,False
5115,spam,"Get 3 Lions England tone, reply lionm 4 mono or lionp 4 poly. 4 more go 2 www.ringtones.co.uk, the original n best. Tones 3GBP network operator rates apply.",False,False,False,False,False,False,False,False
5120,spam,PRIVATE! Your 2003 Account Statement for 078,False,False,False,False,False,False,False,False
5131,ham,That sucks. I'll go over so u can do my hair. You'll do it free right?,False,False,False,False,True,False,False,False
5137,spam,"YOU VE WON! Your 4* Costa Del Sol Holiday or £5000 await collection. Call 09050090044 Now toClaim. SAE, TC s, POBox334, Stockport, SK38xh, Cost£1.50/pm, Max10mins",False,False,False,False,False,False,False,False
5148,ham,K..then come wenever u lik to come and also tel vikky to come by getting free time..:-),False,False,False,False,True,False,False,False
5161,ham,Lol no. I just need to cash in my nitros. Hurry come on before I crash out!,False,False,False,False,False,True,False,False
5164,spam,"Congrats 2 mobile 3G Videophones R yours. call 09063458130 now! videochat wid ur mates, play java games, Dload polypH music, noline rentl. bx420. ip4. 5we. 150p",False,False,False,False,False,False,False,False
5189,spam,ree entry in 2 a weekly comp for a chance to win an ipod. Txt POD to 80182 to get entry (std txt rate) T&C's apply 08452810073 for details 18+,False,False,False,False,False,False,False,False
5200,spam,Call Germany for only 1 pence per minute! Call from a fixed line via access number 0844 861 85 85. No prepayment. Direct access! www.telediscount.co.uk,False,False,False,False,False,False,False,False
5201,spam,"YOU VE WON! Your 4* Costa Del Sol Holiday or £5000 await collection. Call 09050090044 Now toClaim. SAE, TC s, POBox334, Stockport, SK38xh, Cost£1.50/pm, Max10mins",False,False,False,False,False,False,False,False
5214,spam,Natalja (25/F) is inviting you to be her friend. Reply YES-440 or NO-440 See her: www.SMS.ac/u/nat27081980 STOP? Send STOP FRND to 62468,False,False,False,False,False,False,False,False
5228,spam,PRIVATE! Your 2003 Account Statement for <fone no> shows 800 un-redeemed S. I. M. points. Call 08715203656 Identifier Code: 42049 Expires 26/10/04,False,False,False,False,False,False,False,False
5232,spam,YOU ARE CHOSEN TO RECEIVE A £350 AWARD! Pls call claim number 09066364311 to collect your award which you are selected to receive as a valued mobile customer.,False,False,False,False,False,False,False,False
5237,spam,Someonone you know is trying to contact you via our dating service! To find out who it could be call from your mobile or landline 09064015307 BOX334SK38ch ,False,False,False,False,False,False,False,False
5269,spam,"If you don't, your prize will go to another customer. T&C at www.t-c.biz 18+ 150p/min Polo Ltd Suite 373 London W1J 6HL Please call back if busy ",False,False,False,False,False,False,False,False
5314,spam,Get the official ENGLAND poly ringtone or colour flag on yer mobile for tonights game! Text TONE or FLAG to 84199. Optout txt ENG STOP Box39822 W111WX £1.50,False,False,False,False,False,False,False,False
5353,ham,Guai... Ü shd haf seen him when he's naughty... Ü so free today? Can go jogging...,False,False,False,False,True,False,False,False
5364,spam,Call 09095350301 and send our girls into erotic ecstacy. Just 60p/min. To stop texts call 08712460324 (nat rate),False,False,False,False,False,False,False,False
5365,spam,Camera - You are awarded a SiPix Digital Camera! call 09061221066 fromm landline. Delivery within 28 days.,False,False,False,False,False,False,False,False
5366,spam,A £400 XMAS REWARD IS WAITING FOR YOU! Our computer has randomly picked you from our loyal mobile customers to receive a £400 reward. Just call 09066380611,False,False,False,False,False,False,False,False
5368,spam,IMPORTANT MESSAGE. This is a final contact attempt. You have important messages waiting out our customer claims dept. Expires 13/4/04. Call 08717507382 NOW!,False,False,False,False,False,False,False,False
5370,spam,dating:i have had two of these. Only started after i sent a text to talk sport radio last week. Any connection do you think or coincidence?,False,False,False,False,False,False,False,False
5377,spam,The current leading bid is 151. To pause this auction send OUT. Customer Care: 08718726270,False,False,False,False,False,False,False,False
5381,spam,You have 1 new message. Call 0207-083-6089,False,False,False,False,False,False,False,False
5403,ham,So gd got free ice cream... I oso wan...,False,False,False,False,True,False,False,False
5427,spam,Santa Calling! Would your little ones like a call from Santa Xmas eve? Call 09058094583 to book your time.,False,False,False,False,False,False,False,False
5449,spam,"Latest News! Police station toilet stolen, cops have nothing to go on!",False,False,False,False,False,False,False,False
5456,spam,For the most sparkling shopping breaks from 45 per person; call 0121 2025050 or visit www.shortbreaks.org.uk,False,False,False,False,False,False,False,False
5462,spam,Txt: CALL to No: 86888 & claim your reward of 3 hours talk time to use from your phone now! Subscribe6GBP/mnth inc 3hrs 16 stop?txtStop www.gamb.tv,False,False,False,False,False,False,False,False
5466,spam,http//tms. widelive.com/index. wml?id=820554ad0a1705572711&first=true¡C C Ringtone¡,False,False,False,False,False,False,False,False
5487,spam,2p per min to call Germany 08448350055 from your BT line. Just 2p per min. Check PlanetTalkInstant.com for info & T's & C's. Text stop to opt out,False,False,False,False,False,False,False,False
5497,spam,"SMS SERVICES. for your inclusive text credits, pls goto www.comuk.net login= 3qxj9 unsubscribe with STOP, no extra charge. help 08702840625.COMUK. 220-CM2 9AE",False,False,False,False,False,False,False,False
5501,spam,PRIVATE! Your 2003 Account Statement for 07808247860 shows 800 un-redeemed S. I. M. points. Call 08719899229 Identifier Code: 40411 Expires 06/11/04,False,False,False,False,False,False,False,False
5524,spam,You are awarded a SiPix Digital Camera! call 09061221061 from landline. Delivery within 28days. T Cs Box177. M221BP. 2yr warranty. 150ppm. 16 . p p£3.99,False,False,False,False,False,False,False,False
5526,spam,PRIVATE! Your 2003 Account Statement for shows 800 un-redeemed S.I.M. points. Call 08718738001 Identifier Code: 49557 Expires 26/11/04,False,False,False,False,False,False,False,False
5537,spam,Want explicit SEX in 30 secs? Ring 02073162414 now! Costs 20p/min Gsex POBOX 2667 WC1N 3XX,False,False,False,False,False,False,False,False
5554,ham,Well keep in mind I've only got enough gas for one more round trip barring a sudden influx of cash,False,False,False,False,False,True,False,False
5567,spam,"This is the 2nd time we have tried 2 contact u. U have won the £750 Pound prize. 2 claim is easy, call 087187272008 NOW1! Only 10p per minute. BT-national-rate.",False,False,False,False,False,False,False,False
5570,ham,The guy did some bitching but I acted like i'd be interested in buying something else next week and he gave it to us for free,False,False,False,True,True,False,False,False
